NAME,B19013_001E,B17001_001E,B17001_002E,B15003_001E,B15003_022E,B15003_023E,B15003_024E,B15003_025E,B23025_003E,B23025_005E,B27001_001E,B27001_005E,B27001_008E,B27001_011E,B27001_014E,B27001_017E,B27001_020E,B27001_023E,B27001_026E,B27001_029E,B27001_033E,B27001_036E,B27001_039E,B27001_042E,B27001_045E,B27001_048E,B27001_051E,B27001_054E,B27001_057E,state,county
"Alameda County, California",129367,1621569,149429,1192437,343484,196614,39244,43658,908995,48866,1638900,1195,2998,5274,9480,6974,5666,5127,757,243,1099,2837,3471,5983,4486,4449,3471,1106,418,06,001
"Alpine County, California",105521,1616,161,1112,324,71,27,35,837,37,1616,0,0,7,7,2,0,11,0,0,0,11,2,15,0,0,4,0,0,06,003
"Amador County, California",88044,37999,3111,32875,5009,1771,415,176,17257,932,37999,5,224,29,205,106,598,131,28,0,6,110,23,100,41,86,165,5,8,06,005
"Butte County, California",67928,203191,39109,135188,27738,10063,3223,2134,100743,7515,205896,184,685,1499,1757,1309,856,1074,34,0,304,521,1632,925,673,1066,613,33,12,06,007
"Calaveras County, California",78647,45806,5956,35917,5804,1993,386,391,19422,877,45930,16,122,149,71,210,247,353,27,0,186,54,26,290,32,244,285,0,0,06,009
"Colusa County, California",75672,21651,2465,14077,1692,451,145,19,10556,1032,21764,55,173,168,197,174,92,92,21,0,17,122,155,52,248,81,60,42,0,06,011
"Contra Costa County, California",127229,1155874,96639,816152,224527,99462,26838,18327,608620,39497,1160014,944,2920,4439,7560,7438,4231,3194,536,118,443,2541,3172,4342,3966,4055,2877,706,260,06,013
"Del Norte County, California",67058,24745,3204,19816,2660,1064,395,120,10860,695,24764,45,147,32,149,177,179,86,10,0,26,134,24,96,95,53,86,28,0,06,015
"El Dorado County, California",108845,191327,15285,142436,37224,13535,4097,2149,92751,4167,191763,174,537,863,649,1003,560,823,32,0,125,283,158,537,650,410,608,28,28,06,017
"Fresno County, California",74201,999115,182962,636203,100836,36114,11408,6066,472838,41105,1004601,1291,3030,7351,9736,7999,6737,4728,584,136,1001,2974,3962,5335,4152,4105,2918,576,211,06,019
"Glenn County, California",67139,28300,4514,18378,2225,387,94,73,13386,1073,28314,51,142,295,219,292,108,166,30,0,72,100,130,343,191,48,224,0,0,06,021
"Humboldt County, California",61160,131689,24587,93031,19767,7314,2489,1251,63659,5741,133650,34,269,601,1142,759,722,563,16,0,112,163,390,702,414,263,323,5,7,06,023
"Imperial County, California",57681,173150,33819,111419,12870,3594,1163,275,71192,8915,173281,65,430,860,1666,1143,1101,700,82,57,136,290,451,511,1030,991,825,43,46,06,025
"Inyo County, California",73991,18356,1997,13770,2617,1284,142,294,8707,216,18366,48,176,182,72,88,93,103,9,0,22,63,89,36,84,140,67,7,0,06,027
"Kern County, California",70210,891050,170301,563569,69245,26410,6940,3195,400303,34534,892577,1805,3861,6254,8246,8859,7362,4011,433,100,1181,4076,4292,4964,5679,4856,3388,463,163,06,029
"Kings County, California",70995,139658,22320,96271,8974,3118,510,534,60047,6487,135818,302,598,903,1300,1223,564,565,53,11,143,832,357,915,652,717,712,85,23,06,031
"Lake County, California",60621,66897,11350,48884,5866,1716,876,258,28259,3125,67571,66,451,443,680,680,294,308,23,0,2,325,189,283,415,227,206,14,50,06,033
"Lassen County, California",67403,23868,3332,22345,2244,464,137,79,10481,872,23976,13,124,140,158,58,182,96,0,18,108,103,66,123,71,55,193,10,8,06,035
"Los Angeles County, California",90112,9656697,1326437,6917487,1590181,608104,185424,107457,5200656,378125,9742931,7585,30538,60944,112437,101146,85031,52881,9615,2200,7051,26931,43178,69400,68068,65393,46251,8113,3486,06,037
"Madera County, California",76627,154275,29624,101462,11908,4506,1119,637,69012,6983,154708,184,483,914,1552,1403,968,955,126,0,147,480,671,1060,962,956,492,17,3,06,039
"Marin County, California",149091,253599,21068,189753,63645,32133,14027,6185,133674,8146,254598,168,275,768,1028,1658,1180,730,30,21,231,331,462,807,766,668,351,91,35,06,041
"Mariposa County, California",68412,16886,2371,13344,2485,1350,173,237,8114,484,16924,0,34,70,141,92,86,45,71,13,0,0,91,5,2,65,166,0,0,06,043
"Mendocino County, California",68092,88773,13637,65093,9777,4561,1458,577,41496,3743,89531,251,426,329,714,1055,774,461,131,86,127,303,261,498,483,414,452,18,108,06,045
"Merced County, California",65510,285864,54568,174127,18484,5816,1562,835,128465,13562,287806,634,1458,2291,2807,2555,2323,1288,264,67,208,1187,1406,1566,1860,1571,1444,309,144,06,047
"Modoc County, California",59455,8458,1514,6415,1148,367,38,39,3368,256,8445,26,159,12,133,19,57,62,52,0,89,21,28,115,19,0,50,0,0,06,049
"Mono County, California",99415,13047,1116,10217,1977,748,360,200,7794,239,13006,0,40,58,226,130,304,97,64,0,0,25,0,67,8,41,86,0,0,06,051
"Monterey County, California",97230,420883,53589,281390,46903,21516,6481,4492,197008,10243,422606,485,1901,3551,5779,5445,3630,1750,335,160,453,1854,2209,4203,3449,3127,1609,385,116,06,053
"Napa County, California",111471,132242,11184,97520,25153,9081,3239,1333,71043,3695,133474,210,356,550,989,1076,663,443,32,0,244,319,351,565,907,590,313,6,32,06,055
"Nevada County, California",89882,101478,11173,79518,21323,8170,2351,1192,46582,2533,101585,126,188,197,575,907,547,403,82,3,60,253,159,529,571,357,409,0,4,06,057
"Orange County, California",116289,3126062,296883,2217917,615032,247570,73002,41995,1692091,91449,3151837,2720,9072,14653,24877,23594,21163,12847,1939,490,2409,8562,11063,17326,19246,18525,10985,1963,613,06,059
"Placer County, California",115998,415629,28078,297631,83165,31741,9514,4084,206228,9891,416138,460,764,975,1696,1745,876,632,30,49,178,966,707,1245,1150,873,590,202,86,06,061
"Plumas County, California",66031,19210,2036,15180,2173,973,130,147,7681,703,19291,25,75,0,37,85,57,226,0,0,19,107,0,85,88,138,168,17,0,06,063
"Riverside County, California",93074,2443638,259442,1649835,269593,110679,25333,16223,1191323,77449,2455671,2663,9922,15080,23089,21025,18229,11909,1573,380,2347,10001,11795,15528,15962,17075,10959,1536,815,06,065
"Sacramento County, California",92175,1575171,196831,1097404,238873,90025,30740,14933,805946,54096,1579972,1064,3965,6240,11706,10209,7058,3829,505,247,865,3668,5153,6876,6350,5527,3064,610,254,06,067
"San Benito County, California",114394,66961,4465,44349,7673,2234,467,309,35029,1885,67148,61,146,186,421,540,488,171,20,35,69,157,315,284,361,372,317,41,15,06,069
"San Bernardino County, California",85478,2156389,287814,1421562,212012,87459,18019,13688,1046624,74403,2160374,2729,9715,13691,20805,20685,16668,10769,1184,273,3177,9697,9124,13890,14137,14932,9612,1689,574,06,071
"San Diego County, California",106268,3198446,328769,2281385,593057,262772,66985,61827,1689384,103222,3179471,3241,10928,15556,27112,24185,18268,12050,1762,341,2799,10647,11414,17877,16664,15098,13052,1929,552,06,073
"San Francisco County, California",140970,817138,91125,661758,231394,110101,33281,24520,507262,30906,826350,442,1086,1856,3808,4052,2876,1931,681,71,237,907,1443,2022,2059,1811,1453,312,137,06,075
"San Joaquin County, California",92179,785218,97455,513773,79428,26768,7130,3555,379834,28735,788996,447,2639,5093,7553,5894,4627,2820,295,93,613,2431,2842,4072,3826,3332,2222,512,141,06,077
"San Luis Obispo County, California",97446,267830,34565,190352,46055,19220,6696,3868,138011,7561,276722,164,776,1555,1904,2010,1331,1114,131,17,214,865,1149,1364,1121,1192,774,108,19,06,079
"San Mateo County, California",158855,736087,49359,542805,160494,82171,22346,26327,413189,19731,738640,464,1207,2522,3750,3030,2875,1760,405,157,504,1142,1522,2621,2161,2158,1193,408,203,06,081
"Santa Barbara County, California",98161,423298,62400,278364,61162,26012,8321,6974,219992,14118,436470,990,1748,3941,4346,4954,3344,1981,346,87,515,1427,2629,2971,3823,2822,1546,289,114,06,083
"Santa Clara County, California",164281,1869227,132836,1347266,379606,275940,39448,66163,1050468,51122,1892227,706,2850,6731,9147,8262,8090,4924,1415,389,1076,2768,5059,5996,5528,5485,3910,920,428,06,085
"Santa Cruz County, California",111093,253688,29478,178903,45302,21713,5975,5613,139492,8535,263893,134,514,1119,1779,1301,1080,1075,201,14,82,307,1177,963,1193,1165,707,129,36,06,087
"Shasta County, California",72636,178431,23705,128897,20853,6723,2235,822,82262,5199,179806,69,774,1204,1576,923,945,821,41,11,359,888,629,955,923,684,782,24,8,06,089
"Sierra County, California",63355,2568,114,2096,351,158,18,14,1243,157,2647,0,0,114,9,22,0,0,0,0,0,92,66,0,57,0,3,0,0,06,091
"Siskiyou County, California",59095,42954,7037,32155,4956,1895,449,201,18247,1440,43221,104,124,155,331,311,231,256,31,0,23,142,155,152,175,187,199,10,0,06,093
"Solano County, California",100401,442305,44182,315641,62203,19902,5052,3612,220729,14251,439473,413,1584,1701,3047,2118,1838,1296,119,65,606,1048,1253,1641,1387,1530,1159,198,131,06,095
"Sonoma County, California",104674,478922,42583,354661,84877,34590,11803,5227,258155,14728,481731,216,1110,1795,3004,4260,2521,1172,329,44,206,807,1238,1647,2577,1834,1520,203,81,06,097
"Stanislaus County, California",81468,548756,74260,354367,47465,15085,5037,2046,261978,20915,550999,424,1474,2568,4671,4116,2829,2372,201,144,476,1181,1540,2420,2216,2231,1958,179,89,06,099
"Sutter County, California",79704,98022,14145,65188,9347,2917,900,470,46022,3295,97538,170,182,645,728,596,792,295,18,17,105,366,421,352,444,453,474,106,38,06,101
"Tehama County, California",63784,64435,10025,44633,6255,1658,566,131,27534,1611,64686,41,363,370,458,526,403,422,0,0,65,244,327,89,241,258,379,65,6,06,103
"Trinity County, California",53002,15734,3257,12461,1762,514,235,281,5629,472,15715,45,124,23,139,190,254,71,33,0,37,179,40,96,78,127,27,0,0,06,105
"Tulare County, California",71300,473100,84619,287690,31114,12630,2911,1223,215454,20062,474648,429,1396,3280,6068,4572,4363,2592,388,48,374,1539,2411,2367,2969,3046,2186,267,32,06,107
"Tuolumne County, California",77404,51578,5384,41675,6715,2595,714,232,22881,1881,52028,84,231,174,313,424,314,218,26,0,5,60,153,232,240,69,135,67,10,06,109
"Ventura County, California",109797,827795,77301,580810,129719,55090,14620,10442,431630,24730,829932,652,2628,4213,8207,8742,6142,3129,324,147,630,2303,3275,5085,5636,4957,3528,455,206,06,111
"Yolo County, California",91752,212568,35478,131208,30362,14907,6199,7323,111266,6815,218859,107,464,1446,1234,1411,760,251,240,9,191,616,1057,868,548,558,661,136,0,06,113
"Yuba County, California",76373,83190,11800,53788,6373,2339,405,426,36757,2511,81516,183,445,476,582,609,349,330,64,5,119,368,262,470,527,297,161,0,9,06,115
